1559.17,705.02,0.95,1569.62,716.68,0.98,1558.93,716.34,0.11,1614.18,715.84,0.98,1588.2,715.48,0.15,1648.19,638.54,0.97,1607.15,638.66,0.92,1647.07,523.42,0.96,1604.03,525.34,0.77,1609.29,432.53,0.94,1587.43,440.99,0.75,1677.57,451.41,0.98,1643.03,454.85,0.97,1597.77,327.37,0.96,1575.15,331.76,0.94,1643.98,185.21,0.84,1627.8,193.86,0.79
1554.81,719.09,0.96,1565.62,730.63,0.98,1554.81,730.59,0.13,1610.14,729.3,0.99,1582.87,730.99,0.16,1644.05,654.87,0.97,1602.4,655.49,0.92,1643.8,539.03,0.96,1597.38,540.88,0.77,1605.6,445.03,0.93,1581.02,456.54,0.74,1667.94,462.07,0.98,1630.52,465.05,0.97,1599.88,329.42,0.97,1570.88,334.75,0.95,1648.14,189.64,0.88,1627.4,199.96,0.85
1552.71,732.68,0.92,1562.52,744.24,0.97,1553.15,743.19,0.06,1606.5,741.95,0.99,1587.41,741.5,0.11,1636.27,670.14,0.96,1607.79,669.49,0.83,1637.58,555.03,0.95,1601.18,554.92,0.48,1599.14,467.63,0.91,1579.33,471.99,0.45,1652.9,468.14,0.97,1631.28,471.06,0.94,1591.54,331.57,0.96,1593.24,333.98,0.92,1644.81,184.33,0.84,1644.74,191.43,0.77
1543.86,749.7,0.93,1553.67,761.98,0.97,1544.27,761.21,0.08,1598.67,760.5,0.99,1578.09,759.78,0.11,1625.42,688.14,0.96,1596.74,687.16,0.81,1621.67,567.67,0.94,1586.77,569.69,0.44,1582.89,481.5,0.9,1563.32,488.3,0.4,1639.62,483.18,0.97,1615.33,485.31,0.93,1593.98,344.45,0.96,1574.92,347.99,0.9,1643.17,192.18,0.83,1642.39,208.28,0.75
1538.51,755.28,0.87,1548.76,767.17,0.94,1538.79,766.93,0.06,1593.23,765.69,0.98,1574.65,766.55,0.1,1617.46,693.83,0.96,1596.03,693.25,0.74,1612.61,574.24,0.94,1584.42,573.48,0.31,1575.36,491.12,0.89,1555.82,491.35,0.29,1629.27,485.89,0.97,1618.11,488.93,0.92,1576.34,349.46,0.96,1598.92,347.65,0.89,1633.65,202.26,0.84,1637.99,206.67,0.74
1528.29,759.47,0.92,1537.2,771.3,0.95,1527.87,770.5,0.07,1580.47,771.6,0.98,1563.15,769.25,0.09,1605.73,697.99,0.95,1579.54,696.44,0.72,1602.19,582.76,0.94,1569.77,580.16,0.29,1565.88,491.34,0.9,1541.98,495.86,0.28,1609.01,491.34,0.97,1594.74,493.24,0.93,1560.36,357.67,0.97,1573.94,354.62,0.93,1611.38,207.17,0.9,1622.41,214.34,0.83
1521.46,758.73,0.93,1530.2,770.37,0.95,1520.52,769.86,0.07,1573.42,772.0,0.98,1552.47,768.49,0.12,1600.57,696.53,0.96,1565.45,694.05,0.85,1602.63,583.41,0.95,1555.58,576.15,0.56,1561.1,490.25,0.93,1530.79,490.03,0.53,1602.66,490.35,0.98,1577.3,491.84,0.96,1553.73,359.85,0.97,1549.16,355.57,0.94,1618.27,208.27,0.89,1584.06,211.58,0.84
1512.02,755.31,0.96,1521.81,767.13,0.98,1510.41,767.13,0.15,1566.47,770.14,0.98,1538.15,768.97,0.13,1590.5,693.42,0.97,1557.56,691.15,0.84,1602.43,588.83,0.96,1546.76,576.04,0.5,1562.62,500.93,0.93,1522.75,486.82,0.47,1586.06,490.94,0.98,1585.21,491.92,0.96,1518.24,359.66,0.97,1607.97,347.33,0.94,1531.99,209.38,0.87,1643.91,205.9,0.8
1504.94,753.58,0.95,1514.04,765.58,0.97,1503.77,765.26,0.08,1557.11,768.52,0.98,1539.21,766.52,0.11,1582.65,692.36,0.96,1556.21,691.47,0.81,1593.66,584.87,0.95,1550.3,577.19,0.39,1559.38,494.91,0.91,1525.81,490.1,0.35,1580.01,487.22,0.98,1584.9,489.31,0.96,1507.26,360.22,0.98,1610.56,345.23,0.95,1502.95,207.04,0.91,1641.93,201.55,0.85
1493.51,752.74,0.97,1502.05,766.68,0.98,1491.95,766.17,0.17,1540.91,765.59,1.0,1525.4,763.96,0.04,1574.66,691.69,0.98,1546.42,692.23,0.89,1585.94,580.22,0.97,1533.74,584.78,0.31,1555.38,483.89,0.95,1502.89,495.17,0.29,1571.42,482.59,0.99,1576.27,485.13,0.97,1494.54,354.41,0.99,1599.99,348.98,0.97,1469.54,204.61,0.96,1643.29,209.96,0.91
1479.13,747.62,0.98,1488.22,761.86,0.99,1478.47,761.48,0.14,1530.11,761.75,1.0,1515.07,762.37,0.04,1565.52,687.9,0.99,1533.54,690.52,0.9,1576.52,571.5,0.98,1523.82,579.98,0.33,1552.62,474.46,0.95,1493.49,487.69,0.3,1562.97,477.14,0.99,1564.81,480.55,0.97,1484.29,351.23,0.99,1594.44,343.41,0.97,1450.59,206.12,0.96,1639.76,209.07,0.91
1471.26,740.11,0.96,1479.84,752.9,0.97,1468.53,752.55,0.08,1522.54,758.62,0.98,1503.4,758.98,0.13,1552.98,684.12,0.97,1522.97,684.51,0.84,1568.22,565.73,0.95,1524.74,562.64,0.46,1552.44,467.79,0.92,1508.49,473.29,0.4,1542.33,470.12,0.98,1547.71,474.1,0.96,1468.15,344.23,0.98,1588.82,337.95,0.96,1417.55,206.22,0.93,1636.94,202.96,0.88
1456.66,740.66,0.95,1465.76,753.08,0.96,1455.37,752.96,0.04,1509.04,755.39,0.98,1493.29,757.54,0.12,1540.19,681.92,0.97,1511.55,682.57,0.83,1560.99,561.45,0.96,1512.15,558.82,0.44,1549.06,449.89,0.92,1487.96,465.82,0.38,1524.15,468.56,0.98,1527.82,471.87,0.96,1456.6,342.01,0.98,1578.41,337.5,0.96,1393.09,206.69,0.92,1636.76,203.44,0.88
1444.16,735.47,0.98,1451.04,749.57,0.99,1442.93,749.32,0.11,1491.93,751.16,1.0,1482.56,754.19,0.05,1527.37,681.77,0.99,1502.9,685.23,0.92,1552.41,567.91,0.98,1499.4,573.28,0.4,1546.33,468.93,0.96,1465.78,477.3,0.35,1511.32,464.27,0.99,1521.02,468.53,0.98,1441.51,342.15,0.99,1570.9,340.98,0.98,1375.34,205.15,0.96,1633.72,212.13,0.92
1430.04,734.14,0.98,1437.23,748.18,0.99,1429.22,747.92,0.13,1478.41,749.95,1.0,1466.51,751.41,0.05,1511.32,678.89,0.99,1485.0,682.21,0.93,1539.87,562.29,0.98,1478.43,570.31,0.41,1540.38,466.0,0.96,1444.78,477.67,0.35,1495.18,462.87,0.99,1501.79,467.6,0.98,1426.56,340.62,0.99,1556.26,341.26,0.98,1370.57,199.7,0.96,1627.37,212.09,0.91
1413.42,735.11,0.98,1422.3,748.38,0.98,1410.86,747.79,0.09,1465.03,752.21,0.99,1446.45,752.85,0.15,1493.71,680.66,0.97,1470.45,683.08,0.84,1523.75,570.15,0.96,1483.34,563.56,0.48,1527.2,467.83,0.93,1472.71,474.73,0.44,1476.82,463.66,0.98,1483.8,468.07,0.96,1407.45,336.42,0.98,1548.05,336.83,0.96,1361.73,196.24,0.92,1626.24,211.56,0.88
1397.79,736.08,0.98,1406.42,749.42,0.99,1395.15,748.39,0.1,1448.71,752.96,0.99,1432.84,751.97,0.15,1476.71,679.85,0.97,1456.21,681.75,0.84,1504.67,569.67,0.96,1467.47,560.91,0.46,1509.12,460.87,0.92,1454.78,465.09,0.41,1457.8,463.88,0.98,1468.36,467.91,0.96,1394.38,333.4,0.98,1532.64,335.49,0.96,1351.34,193.75,0.92,1613.13,215.62,0.88
1380.42,737.75,0.98,1389.36,750.96,0.99,1378.27,750.36,0.12,1431.86,754.37,0.99,1414.8,754.52,0.14,1459.18,682.69,0.97,1436.06,684.73,0.82,1485.53,568.45,0.96,1442.79,564.0,0.42,1492.56,465.21,0.92,1425.74,472.34,0.38,1439.93,466.43,0.98,1441.38,470.25,0.96,1380.56,334.24,0.98,1504.38,338.07,0.96,1347.39,192.16,0.93,1599.1,221.4,0.88
1362.82,742.51,0.98,1372.43,755.66,0.99,1360.9,754.74,0.18,1415.01,757.48,0.99,1393.81,757.12,0.13,1442.34,685.66,0.97,1418.0,686.74,0.82,1468.83,568.04,0.96,1422.55,564.64,0.42,1470.14,462.91,0.92,1406.1,470.47,0.38,1419.31,465.91,0.98,1416.94,469.67,0.95,1364.43,333.81,0.98,1468.22,338.29,0.96,1342.3,189.02,0.93,1575.18,232.59,0.88
1343.74,743.78,0.98,1353.12,757.94,0.99,1342.03,757.19,0.32,1394.11,758.0,1.0,1376.13,760.05,0.04,1423.39,684.45,0.99,1400.55,687.74,0.91,1444.14,565.62,0.98,1400.65,575.29,0.34,1445.98,470.73,0.95,1372.36,487.07,0.29,1398.92,467.58,0.99,1399.99,470.47,0.97,1357.19,332.48,0.99,1437.49,342.17,0.97,1346.97,190.15,0.96,1544.74,241.79,0.91
1327.41,744.16,0.98,1337.36,757.32,0.99,1325.01,756.8,0.22,1380.55,759.64,0.99,1358.0,759.72,0.13,1404.93,687.12,0.97,1384.13,689.42,0.8,1420.29,562.2,0.94,1386.34,564.27,0.35,1414.74,462.01,0.89,1356.75,473.68,0.31,1388.04,472.45,0.98,1382.26,474.97,0.94,1348.05,336.22,0.98,1401.9,339.44,0.95,1343.53,191.36,0.92,1510.42,248.31,0.87
1311.46,745.47,0.98,1320.19,758.25,0.99,1310.32,757.74,0.13,1363.48,761.15,0.99,1343.75,760.94,0.11,1390.89,687.53,0.97,1364.94,689.74,0.77,1397.55,563.5,0.95,1366.98,565.68,0.32,1387.13,462.84,0.9,1344.74,473.77,0.3,1374.19,474.42,0.98,1358.41,475.73,0.94,1342.41,335.11,0.98,1362.27,337.29,0.94,1344.93,191.47,0.92,1473.34,248.95,0.87
1295.77,745.56,0.91,1303.55,757.88,0.96,1294.58,757.48,0.07,1345.98,763.2,0.98,1327.95,761.73,0.1,1375.0,688.45,0.95,1347.78,690.48,0.74,1374.55,565.25,0.93,1344.31,570.02,0.3,1358.38,471.17,0.87,1323.6,479.08,0.26,1368.34,481.17,0.97,1346.38,483.27,0.94,1346.03,337.8,0.98,1326.11,347.69,0.94,1342.3,194.72,0.93,1425.21,247.58,0.88
1279.16,746.46,0.95,1286.39,759.35,0.97,1277.31,758.61,0.09,1330.05,766.27,0.98,1309.9,763.71,0.08,1357.39,690.27,0.94,1333.19,693.4,0.68,1351.06,568.78,0.94,1325.11,573.02,0.27,1323.87,482.17,0.89,1296.33,489.07,0.26,1352.52,483.58,0.98,1326.06,484.66,0.94,1338.76,333.0,0.98,1299.48,344.0,0.95,1340.97,193.69,0.93,1384.63,244.02,0.89
1264.43,746.61,0.95,1270.07,760.38,0.98,1262.39,758.79,0.05,1312.48,769.11,0.98,1297.99,767.13,0.07,1340.26,696.75,0.95,1326.2,700.01,0.62,1333.69,583.49,0.94,1316.59,578.17,0.19,1297.83,487.52,0.88,1281.53,484.49,0.19,1340.27,483.14,0.97,1320.4,485.66,0.91,1337.95,330.79,0.96,1276.45,343.09,0.9,1344.57,192.82,0.86,1341.99,224.63,0.77
1248.12,748.55,0.91,1254.43,761.71,0.95,1246.45,760.32,0.04,1296.98,769.1,0.97,1282.59,766.56,0.07,1326.01,696.71,0.94,1308.97,700.04,0.67,1309.99,583.57,0.94,1298.36,579.5,0.25,1264.1,495.99,0.89,1262.14,488.02,0.24,1326.67,483.77,0.97,1300.67,486.95,0.93,1328.22,334.75,0.97,1246.01,352.7,0.93,1342.42,193.74,0.91,1291.64,222.01,0.85
1231.15,749.49,0.92,1237.8,762.15,0.94,1229.43,760.79,0.05,1280.27,768.34,0.97,1263.56,765.48,0.07,1308.3,694.91,0.94,1287.73,697.73,0.68,1288.05,586.58,0.95,1276.24,580.28,0.3,1232.86,503.15,0.91,1233.45,500.03,0.3,1310.47,485.86,0.98,1275.54,489.13,0.94,1319.27,336.42,0.98,1234.73,353.87,0.95,1341.99,195.61,0.92,1237.68,214.71,0.87
1217.46,741.83,0.94,1223.57,755.45,0.96,1214.56,753.6,0.07,1264.41,765.89,0.98,1250.49,762.71,0.08,1291.08,690.31,0.95,1274.13,694.88,0.74,1261.63,575.96,0.96,1260.34,572.4,0.35,1203.87,500.82,0.93,1209.39,496.96,0.36,1298.73,483.14,0.98,1264.74,487.46,0.95,1310.87,335.23,0.98,1204.95,358.94,0.95,1340.8,192.1,0.92,1191.29,209.29,0.86
1204.44,742.27,0.92,1210.23,755.53,0.94,1201.44,753.67,0.06,1247.81,764.99,0.97,1238.32,763.22,0.08,1271.57,688.13,0.96,1264.4,695.92,0.72,1235.24,570.8,0.96,1249.21,574.23,0.31,1176.23,500.04,0.92,1187.74,497.17,0.3,1282.37,479.42,0.98,1255.67,484.1,0.94,1303.67,332.71,0.98,1190.66,353.42,0.94,1340.91,191.99,0.91,1153.93,210.53,0.84
1186.93,738.49,0.95,1193.33,752.79,0.96,1183.11,750.01,0.1,1229.48,760.29,0.99,1217.56,756.1,0.09,1250.89,683.37,0.96,1250.48,689.23,0.75,1216.6,568.87,0.96,1237.66,569.11,0.36,1153.57,500.64,0.93,1170.26,496.86,0.37,1261.48,478.09,0.98,1237.23,478.64,0.94,1292.62,332.16,0.98,1171.05,342.72,0.95,1339.14,192.81,0.91,1114.42,205.96,0.86
1163.78,735.4,0.89,1170.25,748.76,0.91,1161.8,747.24,0.03,1208.5,755.75,0.98,1204.07,756.13,0.07,1233.24,678.88,0.96,1231.68,686.99,0.73,1192.16,562.49,0.96,1213.72,564.58,0.35,1131.43,495.79,0.93,1150.99,496.85,0.35,1244.97,474.89,0.98,1219.99,476.27,0.95,1278.97,327.84,0.98,1154.56,341.09,0.95,1335.82,194.07,0.92,1085.53,212.18,0.87
1149.81,730.76,0.9,1154.83,744.32,0.92,1147.16,742.47,0.03,1190.41,753.93,0.98,1187.73,753.6,0.08,1214.13,678.51,0.96,1218.48,687.86,0.74,1174.74,561.83,0.96,1209.61,567.3,0.34,1112.64,494.52,0.93,1144.56,496.78,0.33,1224.2,473.62,0.98,1204.59,474.74,0.95,1265.88,326.85,0.98,1131.91,333.32,0.94,1332.72,196.11,0.9,1070.74,197.02,0.83
1121.41,730.97,0.9,1126.75,744.83,0.93,1120.49,743.01,0.02,1167.0,752.65,0.98,1169.14,750.68,0.07,1191.6,673.93,0.96,1197.02,683.36,0.72,1151.52,554.74,0.96,1185.01,561.58,0.31,1092.46,490.46,0.92,1116.19,490.87,0.29,1197.8,467.56,0.98,1173.78,467.69,0.94,1251.43,325.03,0.98,1110.51,327.76,0.94,1330.26,197.72,0.89,1061.24,194.76,0.81
1101.37,728.81,0.93,1107.14,742.82,0.96,1099.57,741.06,0.04,1146.75,752.21,0.98,1143.01,749.17,0.08,1176.61,675.86,0.97,1166.3,682.34,0.76,1134.54,562.34,0.96,1148.64,562.37,0.37,1082.28,489.02,0.92,1091.48,486.9,0.34,1173.76,471.4,0.98,1141.58,471.69,0.95,1229.19,329.89,0.98,1097.8,333.82,0.95,1317.65,206.31,0.92,1053.64,196.86,0.86
1078.69,727.33,0.96,1083.72,742.13,0.97,1076.08,740.26,0.04,1123.78,754.02,0.99,1119.99,751.91,0.09,1154.37,677.16,0.97,1150.56,687.89,0.78,1116.67,563.95,0.96,1136.65,566.31,0.39,1068.81,484.17,0.94,1079.86,485.63,0.39,1148.85,470.63,0.98,1122.05,470.62,0.95,1195.36,327.9,0.98,1081.81,333.5,0.95,1299.92,212.07,0.92,1051.75,197.96,0.87
1058.93,732.14,0.91,1063.16,745.98,0.93,1055.97,744.56,0.03,1100.65,760.01,0.98,1097.51,757.39,0.08,1131.01,686.98,0.96,1128.36,694.64,0.75,1109.0,577.95,0.96,1123.39,576.86,0.36,1064.52,490.64,0.93,1074.63,492.04,0.35,1123.99,483.32,0.98,1104.23,484.55,0.96,1150.55,334.75,0.98,1070.69,347.32,0.96,1268.45,229.2,0.93,1051.02,199.98,0.89
1032.09,748.01,0.9,1039.89,761.43,0.94,1031.7,760.01,0.04,1079.77,764.23,0.98,1079.38,764.05,0.07,1107.04,691.68,0.96,1107.37,700.2,0.74,1091.51,580.27,0.96,1097.16,580.77,0.35,1057.29,494.75,0.92,1056.78,493.6,0.33,1105.27,485.94,0.98,1093.73,487.59,0.95,1101.48,340.0,0.98,1064.47,342.24,0.95,1225.92,236.65,0.92,1052.84,197.89,0.87
1015.88,744.91,0.89,1020.48,758.31,0.93,1014.33,756.63,0.03,1057.44,766.13,0.98,1063.81,764.89,0.07,1082.25,691.75,0.96,1093.84,703.69,0.7,1078.07,580.17,0.96,1088.0,584.67,0.3,1047.53,496.77,0.92,1048.67,501.26,0.3,1084.05,490.57,0.98,1084.68,493.85,0.95,1064.8,341.27,0.98,1052.86,345.48,0.95,1180.84,246.27,0.93,1049.86,198.26,0.88
994.26,752.38,0.91,1000.61,765.33,0.95,993.5,763.77,0.04,1038.66,768.58,0.98,1039.2,767.3,0.08,1062.59,695.48,0.95,1068.62,703.04,0.69,1059.55,582.31,0.94,1065.47,583.59,0.27,1038.09,494.21,0.9,1032.35,496.3,0.26,1063.27,490.24,0.98,1064.17,493.06,0.93,1035.65,350.61,0.98,1040.31,346.09,0.94,1131.31,247.47,0.92,1048.7,201.2,0.86
976.92,749.34,0.86,982.37,762.48,0.92,975.49,760.63,0.04,1017.97,767.35,0.97,1020.73,766.45,0.08,1045.11,695.13,0.95,1053.07,699.73,0.68,1046.83,586.43,0.94,1045.83,580.64,0.24,1025.34,494.09,0.88,1004.43,490.85,0.22,1042.56,484.05,0.97,1058.36,487.79,0.93,987.49,355.21,0.98,1030.21,349.09,0.93,1069.56,242.62,0.93,1053.03,212.89,0.87
954.35,748.03,0.93,959.56,762.62,0.97,950.25,759.97,0.13,992.93,767.9,0.99,1002.49,767.2,0.03,1026.43,698.3,0.98,1034.09,701.62,0.84,1033.62,587.44,0.97,1029.58,586.7,0.2,1012.04,481.03,0.92,982.62,493.61,0.17,1012.71,478.45,0.98,1037.1,482.03,0.95,951.73,361.8,0.99,1026.47,357.59,0.95,1032.34,241.11,0.96,1044.52,217.28,0.89
933.72,746.03,0.92,937.57,761.6,0.96,929.25,758.59,0.08,971.27,768.76,0.99,984.11,766.18,0.03,1008.08,698.17,0.98,1017.07,701.68,0.86,1017.91,584.7,0.97,1008.83,585.24,0.22,996.7,485.38,0.93,965.13,495.21,0.19,994.4,480.38,0.99,1022.88,481.35,0.96,923.58,365.87,0.99,1020.6,345.49,0.96,973.75,223.55,0.97,1045.31,201.27,0.91
914.75,744.51,0.91,918.99,759.6,0.95,911.07,756.57,0.09,951.11,764.34,0.99,964.48,767.32,0.04,991.62,699.83,0.98,997.36,702.23,0.87,1001.87,590.63,0.97,993.16,588.86,0.25,988.35,489.0,0.92,952.74,493.85,0.2,973.43,480.7,0.99,1004.1,482.31,0.96,903.85,368.74,0.99,1012.73,347.45,0.96,916.84,214.81,0.96,1041.65,201.93,0.91
898.07,733.96,0.95,900.91,748.92,0.96,894.28,746.25,0.03,938.51,762.92,0.98,947.92,760.46,0.11,968.76,691.53,0.96,986.62,700.51,0.78,979.57,582.92,0.94,990.18,577.69,0.36,975.12,481.89,0.89,964.01,481.99,0.3,950.51,479.37,0.98,986.49,481.82,0.95,877.27,364.99,0.98,1003.24,343.86,0.96,863.09,209.78,0.93,1036.93,198.37,0.88
878.98,746.91,0.95,886.38,760.48,0.96,877.12,758.48,0.05,925.9,763.36,0.98,923.83,762.79,0.12,950.7,687.78,0.97,959.46,696.76,0.81,958.3,571.93,0.95,957.03,573.31,0.39,956.03,477.15,0.9,932.38,480.79,0.33,929.87,477.54,0.98,961.02,480.67,0.95,857.54,359.83,0.98,991.04,343.96,0.96,820.16,210.11,0.93,1033.75,203.67,0.89
857.21,735.96,0.95,862.16,750.89,0.96,853.99,748.61,0.04,901.37,758.61,0.98,902.64,755.06,0.14,929.96,691.99,0.96,935.69,694.21,0.81,943.59,587.47,0.94,943.79,574.68,0.41,939.4,481.47,0.9,925.76,483.85,0.35,908.79,478.0,0.98,939.26,480.11,0.95,840.17,352.87,0.98,981.75,345.54,0.96,781.99,212.24,0.93,1033.75,205.81,0.89
839.11,734.99,0.93,844.72,749.04,0.94,836.83,747.21,0.03,883.18,755.12,0.98,887.56,755.7,0.12,908.17,689.26,0.96,919.5,693.36,0.8,921.55,588.59,0.94,926.59,574.53,0.39,916.59,478.56,0.89,903.39,479.65,0.32,884.18,476.73,0.98,917.38,479.59,0.95,824.86,348.55,0.98,962.73,344.81,0.96,755.24,209.56,0.92,1032.74,209.07,0.87
824.67,732.17,0.88,828.97,745.86,0.89,822.33,744.03,0.02,862.68,753.86,0.98,870.08,754.08,0.12,889.08,688.56,0.97,896.78,693.08,0.82,898.73,589.11,0.95,900.38,575.66,0.42,892.14,486.65,0.91,875.2,486.92,0.35,858.34,475.43,0.98,891.89,478.84,0.96,794.32,347.15,0.99,942.79,344.33,0.97,748.62,208.46,0.94,1018.45,216.31,0.9
800.77,742.97,0.9,807.62,755.83,0.92,801.35,754.93,0.02,843.7,755.77,0.98,852.26,757.15,0.12,865.43,683.02,0.97,876.07,688.12,0.82,868.64,565.9,0.94,876.12,564.75,0.39,861.34,456.31,0.87,852.77,464.88,0.3,831.26,469.7,0.98,865.88,473.33,0.95,776.03,346.0,0.98,919.29,344.63,0.96,738.16,208.61,0.94,1001.03,227.4,0.9
779.42,739.51,0.94,786.38,752.97,0.96,778.9,753.0,0.14,821.31,753.69,0.99,833.89,761.17,0.05,842.48,685.56,0.99,852.12,693.49,0.91,845.85,574.67,0.98,841.96,587.08,0.33,830.93,477.42,0.94,807.76,504.07,0.26,804.63,478.34,0.99,838.72,481.98,0.97,759.99,345.72,0.99,883.26,355.76,0.98,736.92,203.02,0.97,974.33,250.14,0.93
758.44,743.48,0.97,766.71,756.07,0.98,757.87,756.51,0.2,802.24,755.45,1.0,809.07,763.62,0.04,822.64,690.71,0.99,829.13,695.89,0.9,825.5,589.04,0.98,816.36,591.56,0.33,806.83,495.1,0.95,780.34,504.67,0.29,783.83,488.68,0.99,812.96,489.93,0.97,742.58,348.93,0.99,842.71,353.6,0.98,729.51,200.01,0.97,941.66,237.41,0.93
740.3,752.98,0.92,749.18,764.91,0.95,741.21,764.86,0.05,784.85,762.82,0.98,787.35,765.15,0.12,802.04,686.41,0.97,810.31,695.19,0.81,792.02,566.58,0.95,792.12,574.99,0.36,781.12,464.0,0.89,761.59,477.6,0.3,766.49,481.76,0.98,788.35,486.49,0.95,729.69,342.89,0.98,803.41,346.34,0.95,722.46,196.63,0.93,910.15,248.47,0.88
719.27,750.9,0.91,727.03,764.12,0.94,718.9,764.2,0.12,759.66,763.74,0.98,776.53,767.24,0.04,778.19,689.17,0.99,793.77,698.12,0.89,764.4,573.59,0.98,762.69,589.68,0.26,737.06,478.66,0.94,715.03,505.29,0.22,754.14,482.11,0.99,777.83,484.01,0.97,721.78,340.11,0.99,764.61,347.6,0.97,723.16,196.29,0.97,867.53,259.37,0.92
700.98,758.84,0.91,708.79,770.84,0.94,700.97,770.18,0.05,745.48,770.24,0.97,749.62,770.14,0.1,757.73,694.09,0.96,772.87,702.13,0.74,740.5,580.47,0.95,751.32,587.19,0.3,705.78,501.73,0.9,705.82,503.52,0.27,737.98,487.38,0.98,748.15,489.91,0.94,712.69,344.18,0.98,722.1,351.05,0.94,721.47,196.98,0.91,823.82,250.35,0.86
684.14,760.56,0.88,691.77,772.58,0.92,683.6,771.7,0.06,728.2,773.48,0.97,727.14,770.98,0.09,739.96,698.7,0.95,746.01,702.94,0.74,716.6,591.0,0.94,721.44,589.41,0.31,668.82,513.13,0.88,670.03,507.59,0.27,725.94,496.4,0.98,722.27,497.32,0.95,711.68,345.57,0.98,692.33,352.04,0.95,721.92,198.44,0.93,780.92,249.22,0.88
667.09,752.76,0.89,671.65,765.42,0.92,665.53,764.01,0.04,706.98,772.65,0.98,710.28,768.58,0.08,718.7,699.93,0.94,732.08,701.81,0.65,692.68,591.07,0.94,707.47,586.72,0.25,639.74,512.67,0.9,648.37,511.59,0.25,705.24,499.66,0.97,700.75,500.18,0.92,701.5,344.69,0.97,649.39,357.6,0.92,723.73,199.22,0.88,728.25,242.15,0.8
649.82,749.73,0.91,653.01,763.79,0.94,647.09,761.99,0.04,687.59,776.69,0.97,696.65,772.14,0.07,698.56,698.32,0.95,720.78,704.69,0.67,666.2,584.91,0.95,698.9,589.6,0.24,605.82,518.34,0.9,627.17,518.4,0.23,689.0,502.55,0.98,686.87,505.24,0.93,689.17,347.21,0.97,632.34,360.38,0.93,721.08,200.59,0.89,683.22,224.46,0.81
628.08,756.94,0.91,634.24,770.6,0.92,625.72,770.15,0.13,664.06,774.09,0.97,677.11,770.67,0.04,680.14,700.26,0.98,696.25,703.36,0.85,641.76,591.71,0.97,659.96,596.07,0.24,575.04,524.52,0.94,593.75,531.02,0.22,670.82,499.92,0.99,659.99,503.52,0.96,685.43,349.75,0.99,602.5,368.03,0.96,720.41,204.47,0.96,619.72,227.14,0.91
615.09,751.07,0.82,619.52,763.81,0.85,613.52,762.52,0.03,652.58,771.92,0.98,661.47,769.14,0.08,662.29,696.58,0.95,682.82,703.12,0.71,622.8,592.74,0.95,653.89,592.88,0.31,549.52,528.25,0.92,575.33,532.67,0.31,654.2,497.47,0.98,645.2,500.41,0.94,676.96,348.83,0.98,581.79,368.61,0.95,721.6,206.13,0.91,571.8,220.02,0.86
597.86,752.04,0.85,602.78,765.06,0.88,596.83,763.64,0.03,636.84,772.13,0.96,646.47,771.0,0.06,646.12,694.81,0.95,669.94,704.39,0.66,604.61,595.24,0.95,641.21,596.15,0.25,529.71,534.43,0.91,560.5,536.31,0.25,637.06,494.19,0.98,629.99,497.04,0.94,663.04,347.15,0.98,565.37,359.11,0.93,718.55,204.6,0.89,528.29,213.21,0.81
582.82,745.54,0.87,588.38,759.26,0.88,580.54,757.57,0.03,622.14,767.79,0.96,628.93,763.45,0.08,625.29,690.74,0.96,653.39,698.07,0.77,577.13,587.78,0.96,617.52,591.58,0.37,499.35,527.58,0.92,538.12,538.72,0.34,615.04,491.16,0.98,612.65,491.67,0.96,642.91,352.18,0.98,552.75,353.42,0.95,710.19,214.25,0.92,494.97,219.12,0.86
562.08,746.54,0.93,568.23,760.23,0.94,560.68,759.99,0.11,598.57,763.54,0.99,609.26,759.19,0.05,610.64,689.24,0.98,629.07,692.38,0.92,566.51,590.24,0.98,592.25,592.3,0.46,481.38,524.06,0.94,519.24,545.44,0.39,597.53,487.51,0.99,588.42,488.89,0.98,626.93,348.97,0.99,531.45,354.03,0.98,705.06,214.53,0.96,475.89,224.1,0.92
538.14,746.21,0.93,545.78,759.14,0.94,538.51,758.16,0.04,584.01,760.55,0.98,588.39,759.02,0.08,588.47,683.99,0.96,611.79,690.39,0.74,545.78,585.86,0.96,577.96,582.02,0.34,471.4,525.05,0.93,496.44,529.61,0.34,568.52,480.53,0.98,561.06,479.77,0.95,604.59,345.89,0.98,505.78,345.04,0.95,692.61,221.57,0.92,469.4,210.8,0.86
519.67,744.88,0.89,526.54,758.17,0.91,519.69,757.11,0.03,563.53,761.27,0.97,572.48,758.72,0.07,570.27,681.37,0.96,592.76,691.49,0.73,519.43,575.51,0.96,559.31,581.47,0.33,452.53,516.33,0.93,478.44,520.44,0.32,545.02,483.31,0.98,533.78,484.25,0.95,571.78,347.55,0.98,485.46,352.23,0.95,678.88,228.12,0.93,464.63,211.22,0.88
504.86,746.38,0.9,512.74,759.49,0.92,505.03,758.28,0.05,550.02,761.26,0.97,553.01,758.55,0.07,551.7,683.11,0.96,574.35,691.56,0.74,509.59,573.3,0.96,538.56,576.98,0.34,440.33,508.74,0.92,461.72,511.59,0.32,521.11,484.53,0.98,512.13,486.15,0.95,538.89,338.06,0.98,466.57,349.08,0.96,658.97,235.38,0.93,464.48,207.65,0.88
486.75,749.42,0.91,494.92,762.19,0.94,487.27,761.34,0.06,532.16,763.48,0.97,532.82,760.92,0.08,535.3,685.19,0.96,552.77,694.17,0.75,501.11,575.19,0.96,517.45,578.82,0.34,436.68,501.74,0.92,447.42,502.42,0.32,505.09,486.63,0.98,495.77,488.18,0.95,499.09,342.71,0.98,455.49,348.02,0.95,624.51,246.03,0.92,462.09,206.55,0.86
468.33,751.9,0.93,476.07,764.56,0.95,468.7,763.52,0.06,513.31,765.08,0.98,514.49,763.01,0.07,517.96,690.36,0.95,534.38,697.19,0.7,489.63,582.18,0.95,497.79,582.41,0.3,434.67,497.78,0.92,438.18,499.0,0.31,494.96,489.01,0.98,497.56,490.61,0.94,462.42,351.35,0.98,451.79,349.88,0.94,587.16,259.81,0.92,462.1,208.29,0.86
449.51,755.03,0.92,457.54,767.14,0.94,449.32,766.27,0.07,496.53,769.02,0.97,495.16,766.94,0.08,500.12,690.66,0.95,518.5,701.42,0.68,482.55,584.21,0.95,488.53,589.61,0.27,434.72,503.76,0.91,432.55,508.93,0.26,477.4,486.47,0.97,485.13,489.78,0.93,444.39,347.23,0.97,447.5,345.41,0.92,549.63,249.67,0.9,463.49,207.69,0.82
430.33,764.44,0.95,439.83,776.25,0.97,430.68,775.01,0.09,479.2,772.5,0.97,470.11,772.66,0.09,490.19,695.62,0.96,491.82,703.06,0.72,478.89,588.62,0.95,449.5,589.49,0.27,437.08,503.3,0.91,398.93,509.87,0.26,459.99,486.2,0.97,468.69,488.87,0.92,414.95,351.46,0.96,430.51,349.19,0.89,460.94,217.25,0.85,518.37,247.39,0.75
411.21,761.66,0.95,420.52,774.74,0.97,409.05,774.49,0.14,460.43,773.65,0.99,445.23,772.93,0.04,476.92,695.45,0.98,468.68,698.94,0.86,472.91,588.74,0.98,440.74,589.26,0.26,437.93,504.82,0.96,389.12,510.12,0.28,452.98,491.98,0.98,440.89,494.59,0.95,418.57,360.71,0.98,386.23,365.46,0.93,461.25,222.19,0.93,460.88,245.74,0.83
396.32,762.3,0.97,405.71,773.98,0.98,395.19,773.44,0.13,448.11,774.83,0.98,430.14,776.1,0.09,463.48,698.7,0.95,457.23,704.21,0.7,461.66,591.67,0.94,434.97,588.59,0.26,433.05,500.34,0.9,382.12,503.14,0.25,434.79,494.26,0.97,437.79,498.37,0.92,385.4,361.0,0.96,396.99,361.26,0.9,439.01,228.7,0.86,447.66,235.28,0.77
378.78,758.99,0.97,387.49,772.9,0.99,376.24,772.31,0.2,430.92,774.03,0.99,411.8,773.83,0.04,449.65,695.66,0.98,438.06,700.06,0.89,456.98,575.52,0.97,423.38,587.0,0.29,417.68,503.53,0.94,379.94,507.51,0.26,408.66,482.52,0.99,426.17,484.82,0.96,342.51,364.06,0.99,431.31,352.16,0.95,383.45,228.26,0.94,457.8,216.6,0.86
363.08,761.11,0.98,373.46,773.56,0.98,361.84,773.64,0.13,421.78,773.8,0.97,397.98,775.75,0.11,436.21,693.43,0.96,427.33,698.88,0.75,453.25,581.67,0.94,415.71,576.55,0.33,427.69,478.78,0.91,361.07,484.78,0.31,392.14,479.36,0.97,411.37,483.27,0.93,331.08,357.17,0.97,422.5,349.61,0.92,327.97,213.07,0.86,455.57,214.07,0.78
346.3,757.67,0.98,357.25,770.07,0.99,345.25,770.3,0.14,406.47,770.49,0.98,378.37,772.59,0.11,425.31,693.04,0.96,406.58,697.23,0.78,449.92,587.8,0.95,402.75,579.88,0.37,433.0,494.39,0.92,356.9,484.58,0.35,388.46,482.77,0.98,398.7,485.44,0.94,320.32,361.43,0.97,417.98,351.19,0.94,289.09,211.93,0.88,454.16,212.4,0.81
334.76,750.14,0.97,343.56,762.99,0.97,332.37,762.35,0.09,390.46,768.92,0.98,366.2,766.04,0.11,415.1,692.02,0.96,386.57,693.26,0.81,444.79,589.59,0.95,382.0,577.56,0.48,431.7,494.99,0.93,334.62,488.27,0.45,382.7,482.16,0.98,384.15,485.4,0.96,314.56,359.43,0.98,406.61,350.81,0.96,261.97,215.44,0.92,450.48,215.78,0.87
